{"Loss": 0.24892094731330872, "_runtime": 10, "_timestamp": 1630824807, "_step": 11, "Val Loss": 0.2493887096643448, "Acc": 57.199999999999996, "Val Acc": 56.699999999999996}